'ลำดับ','หมายเลขบ่อ','พิกัดออก','พิกัดเหนือ','UTM โซน (ออก-ตก)','Latitude','Longitude','หมู่ที่','สถานที่เจาะ','ตำบล','อำเภอ','จังหวัด','ประเภทบ่อ','สภาพน้ำ','ความลึกเจาะ','ความลึกพัฒนา','ปริมาณน้ำ','ระดับน้ำปกติ',ระยะน้ำลด
1,'G1205',682948.0,1536250.0,47.0,13.890187383349,100.69308713562,??,โรงเรียนนวมินทราชูทิศ,สามวาตะวันตก,คลองสามวา,กรุงเทพมหานคร,บ่ออุปโภค-บริโภค,ใช้ได้-น้ำจืด,135.0,129.0,22.73,45.0,12.9
2,'PW23953',682130.0,1534444.0,47.0,13.873916967505,100.68540135065001,??,วัดพระยาสุเรนทร์,สามวาตะวันตก,คลองสามวา,กรุงเทพมหานคร,บ่ออุปโภค-บริโภค,ใช้ได้-น้ำจืด,135.0,122.69,15.0,45.0,7.0
3,'PW22250',687928.0,1538286.0,47.0,13.908264629451999,100.73929694257,??,ศูนย์อนามัยสามวาตะวันออก,สามวาตะวันออก,คลองสามวา,กรุงเทพมหานคร,บ่ออุปโภค-บริโภค,ใช้ได้-น้ำจืด,140.0,130.31,10.5,50.0,2.0
4,'PW23196',691724.0,1534210.0,47.0,13.871174262928,100.77413716662,??,วัดสุขใจ,สามวาตะวันออก,คลองสามวา,กรุงเทพมหานคร,บ่ออุปโภค-บริโภค,ใช้ได้-น้ำจืด,120.0,107.7,20.0,47.0,8.0
5,'DN58',691170.0,1539205.0,47.0,13.916354521049,100.76935514526,??,มัสยิดดารุลสลาม (บ้านคลองแปด),สามวาตะวันออก,คลองสามวา,กรุงเทพมหานคร,บ่ออุปโภค-บริโภค,ใช้ได้-น้ำจืด,186.0,186.0,30.0,58.0,32.0
6,'DN59',691252.0,1537988.0,47.0,13.905350197435999,100.77003017679,??,มัสยิดดารุลสะดาดะห์,สามวาตะวันออก,คลองสามวา,กรุงเทพมหานคร,บ่ออุปโภค-บริโภค,ใช้ได้-น้ำจืด,178.0,178.0,40.0,51.0,30.0
7,'PW25603',688211.0,1530806.0,47.0,13.840643113801999,100.74141074828,01,วัดจินดิตวิหาร,ทรายกองดิน,คลองสามวา,กรุงเทพมหานคร,บ่ออุปโภค-บริโภค,ใช้ได้-น้ำจืด,120.0,113.98,8.0,53.0,8.0
8,'AFD1',688212.0,1530807.0,47.0,13.840652085907,100.74142006496,01,วัดธุดงคสถาน,ทรายกองดิน,คลองสามวา,กรุงเทพมหานคร,บ่ออุปโภค-บริโภค,ใช้ได้-น้ำจืด,195.12,,18.18,60.98,97.56
9,'AFD2',688211.0,1530806.0,47.0,13.840643113801999,100.74141074828,01,วัดธุดงคสถาน,ทรายกองดิน,คลองสามวา,กรุงเทพมหานคร,บ่ออุปโภค-บริโภค,ใช้ได้-น้ำจืด,195.12,,18.18,60.98,97.56
10,'PW23411',686906.0,1531850.0,47.0,13.850164157998,100.72940999838,03,วัดบัวแก้วศรัทธาราม,ทรายกองดิน,คลองสามวา,กรุงเทพมหานคร,บ่ออุปโภค-บริโภค,ใช้ได้-น้ำจืด,120.0,112.58,20.0,51.0,4.0
11,'PW111',669824.0,1530674.0,47.0,13.840599694513,100.57132594709,,หน่วยเครื่องมือกล(กรมทรัพยากรน้ำบาดาล),ลาดยาว,จตุจักร,กรุงเทพมหานคร,บ่ออุปโภค-บริโภค,ใช้ได้-น้ำจืด,183.45,,7.5,8.2,
12,'AFD3',671121.0,1540868.0,47.0,13.932661254331999,100.5839492257,04,หมู่บ้านสวัสดิการทหารบก,สีกัน,ดอนเมือง,กรุงเทพมหานคร,บ่ออุปโภค-บริโภค,ใช้ได้-น้ำจืด,259.15,,68.18,36.59,59.45
13,'AFD4',671109.0,1540690.0,47.0,13.931053124013,100.58382721445999,04,หมู่บ้านสวัสดิการทหารบก,สีกัน,ดอนเมือง,กรุงเทพมหานคร,บ่ออุปโภค-บริโภค,ใช้ได้-น้ำจืด,259.15,,68.18,36.59,59.45
14,'BKK20',644242.0,1526194.0,47.0,13.801505567477,100.33444297312,03,วัดปุรณาวาส,ศาลาธรรมสพน์,ทวีวัฒนา,กรุงเทพมหานคร,บ่ออุปโภค-บริโภค,ใช้ได้-น้ำจืด,202.0,200.0,20.0,32.0,0.0
15,'BKK4',678848.0,1520035.0,47.0,13.743891954788001,100.65412052402,11,สนามกอล์ฟกรุงเทพกรีฑา,หัวหมาก,บางกะปิ,กรุงเทพมหานคร,บ่ออุปโภค-บริโภค,ใช้ได้-น้ำจืด,200.0,196.0,20.0,34.0,0.0
16,'BKK12',678841.0,1520038.0,47.0,13.743919503817,100.65405599216999,11,สนามกอล์ฟกรุงเทพกรีฑา,หัวหมาก,บางกะปิ,กรุงเทพมหานคร,บ่ออุปโภค-บริโภค,ใช้ได้-น้ำจืด,168.0,164.0,15.0,36.0,0.0
17,'DN1',651791.0,1503953.0,47.0,13.600070898039,100.40307405108,??,บ้านบางกระดี่,แสมดำ,บางขุนเทียน,กรุงเทพมหานคร,บ่ออุปโภค-บริโภค,ใช้ได้-น้ำจืด,573.0,573.0,41.34,24.6,17.6
18,'MWA51',682758.0,1527685.0,47.0,13.812788499091,100.69076935683,??,หมู่บ้านแมกไม้,ท่าแร้ง,บางเขน,กรุงเทพมหานคร,บ่ออุปโภค-บริโภค,ใช้ได้-น้ำจืด,240.0,240.0,120.31,65.8,9.0
19,'AFD9',672956.0,1531493.0,47.0,13.847814732648,100.60034802488,??,อาคารสวัสดิการลาดปลาเค้า,อนุสาวรีย์,บางเขน,กรุงเทพมหานคร,บ่ออุปโภค-บริโภค,ใช้ได้-น้ำจืด,213.41,,18.18,39.63,109.76
20,'PW7792',676128.0,1535356.0,47.0,13.882536371079999,100.62993361131001,17,โรงงานกำจัดขยะมูลฝอยรามอินทรา ( 9922/487-30 ),ท่าแร้ง,บางเขน,กรุงเทพมหานคร,บ่ออุปโภค-บริโภค,ใช้ได้-น้ำจืด,175.0,172.55,30.0,34.0,18.1
21,'AFD12',672612.0,1534384.0,47.0,13.873965777158,100.59734455439,21,บริเวณเขตบางเขน,อนุสาวรีย์,บางเขน,กรุงเทพมหานคร,บ่ออุปโภค-บริโภค,ใช้ได้-น้ำจืด,185.37,,26.14,,
22,'AFD13',672611.0,1534383.0,47.0,13.873956799117,100.59733524111999,21,บริเวณเขตบางเขน,อนุสาวรีย์,บางเขน,กรุงเทพมหานคร,บ่ออุปโภค-บริโภค,ใช้ได้-น้ำจืด,185.37,,26.14,,
23,'G1256',681969.0,1521411.0,47.0,13.756133266729998,100.68306598209999,??,โรงเรียนนวมินทราชินูทิศน้อมเกล้า,คลองกุ่ม,บึงกุ่ม,กรุงเทพมหานคร,บ่ออุปโภค-บริโภค,ใช้ได้-น้ำจืด,250.5,183.0,22.73,55.5,3.9
24,'AFD16',679577.0,1526930.0,47.0,13.806165486787,100.66130112223,22,วัดสุวรรณประสิทธ์,คลองกุ่ม,บึงกุ่ม,กรุงเทพมหานคร,บ่ออุปโภค-บริโภค,ใช้ได้-น้ำจืด,195.12,,18.18,45.73,91.46
25,'AFD17',679516.0,1526895.0,47.0,13.805852963613999,100.660734728,22,วัดสุวรรณประสิทธ์,คลองกุ่ม,บึงกุ่ม,กรุงเทพมหานคร,บ่ออุปโภค-บริโภค,ใช้ได้-น้ำจืด,195.12,,18.18,45.73,91.46
26,'5401BK01',666052.0,1518481.0,47.0,13.730610737976,100.53571330400999,,โรงพยาบาลจุฬาลงกรณ์,ปทุมวัน,ปทุมวัน,กรุงเทพมหานคร,บ่ออุปโภค-บริโภค,ใช้ได้-น้ำจืด,360.0,348.0,50.0,23.1,42.2
27,'DN2',658993.0,1517342.0,47.0,13.720712579971002,100.47038035579,01,วัดปากน้ำภาษีเจริญ,ปากคลองภาษีเจริญ,ภาษีเจริญ,กรุงเทพมหานคร,บ่ออุปโภค-บริโภค,ใช้ได้-น้ำจืด,620.0,519.0,8.33,28.9,26.75
28,'PW25280',687720.0,1525433.0,47.0,13.792114827622001,100.73650947235001,??,มัสยิดฮัตตั๊กวา,แสนแสบ,มีนบุรี,กรุงเทพมหานคร,บ่ออุปโภค-บริโภค,ใช้ได้-น้ำจืด,97.6,89.33,10.0,22.5,7.0
29,'PW25605',692228.0,1530352.0,47.0,13.836273153276,100.77853404783001,13,ที่ทำการผู้ใหญ่บ้านโซ๊ะมัน,แสนแสบ,มีนบุรี,กรุงเทพมหานคร,บ่ออุปโภค-บริโภค,ใช้ได้-น้ำจืด,138.0,133.02,8.0,56.0,7.0
30,'G1324',692257.0,1522394.0,47.0,13.764349301138001,100.77825717767999,02,วัดบึงบัว,ลำปลาทิว,ลาดกระบัง,กรุงเทพมหานคร,บ่ออุปโภค-บริโภค,ใช้ได้-น้ำจืด,186.0,186.0,6.0,73.0,32.0
31,'BKK7',700318.0,1517741.0,47.0,13.721749062642,100.85245878481,02,วัดขุนทอง,ขุมทอง,ลาดกระบัง,กรุงเทพมหานคร,บ่ออุปโภค-บริโภค,ใช้ได้-น้ำจืด,102.0,100.0,10.0,25.0,0.0
32,'PW22308',700359.0,1526640.0,47.0,13.802169494607,100.85347107613,??,บ้านลำนกแขวก,ลำผักชี,หนองจอก,กรุงเทพมหานคร,บ่ออุปโภค-บริโภค,ใช้ได้-น้ำจืด,118.0,111.49,12.0,54.0,4.0
33,'PW24947',705096.0,1531456.0,47.0,13.845357586407001,100.89762759671999,??,ศูนย์สุขภาพชุมชน,กระทุ่มราย,หนองจอก,กรุงเทพมหานคร,บ่ออุปโภค-บริโภค,ใช้ได้-น้ำจืด,127.6,120.39,10.0,37.0,9.0
34,'PW23417',701358.0,1539027.0,47.0,13.914043628468,100.86360181129999,??,บ้านคลองสิบสอง,คลองสิบสอง,หนองจอก,กรุงเทพมหานคร,บ่ออุปโภค-บริโภค,ใช้ได้-น้ำจืด,186.0,174.5,13.0,26.0,24.0
35,'PW23199',696798.0,1540112.0,47.0,13.924167981001,100.82149034493,??,บ้านคลองสิบสอง (บ่อ 1),คลองสิบสอง,หนองจอก,กรุงเทพมหานคร,บ่ออุปโภค-บริโภค,ใช้ได้-น้ำจืด,102.0,97.25,20.0,26.0,14.0
36,'PW22638',696162.0,1532154.0,47.0,13.852291958222999,100.81504580821999,??,บ้านกูโบ๊ะโต๊ะโย๊ะ,โคกแฝด,หนองจอก,กรุงเทพมหานคร,บ่ออุปโภค-บริโภค,ใช้ได้-น้ำจืด,108.0,101.36,11.0,45.0,23.0
37,'PW25279',696737.0,1540662.0,47.0,13.929142759542,100.82096489179001,??,วัดสีชมพู,คลองสิบ,หนองจอก,กรุงเทพมหานคร,บ่ออุปโภค-บริโภค,ใช้ได้-น้ำจืด,109.6,98.64,20.0,22.0,3.0
38,'PW22307',703780.0,1532230.0,47.0,13.852446299642999,100.88551255261999,??,บ้านสุเหร่าใหม่,คู้ฝั่งเหนือ,หนองจอก,กรุงเทพมหานคร,บ่ออุปโภค-บริโภค,ใช้ได้-น้ำจืด,126.0,103.23,15.0,30.0,10.0
39,'PW24392',698131.0,1524149.0,47.0,13.779811865373,100.83269221501,??,บ้านลำผักชี (บ่อ 2),ลำต้อยติ่ง,หนองจอก,กรุงเทพมหานคร,บ่ออุปโภค-บริโภค,ใช้ได้-น้ำจืด,139.6,126.16,10.0,56.0,10.5
40,'PW22637',704176.0,1526727.0,47.0,13.802686875255999,100.888774051,??,บ้านคลองสอง,ลำต้อยติ่ง,หนองจอก,กรุงเทพมหานคร,บ่ออุปโภค-บริโภค,ใช้ได้-น้ำจืด,105.0,98.39,25.0,36.0,7.0
41,'BKK9',702329.0,1524175.0,47.0,13.779754617644999,100.87151064778,??,วัดใหม่กระทุ่มล้ม,ลำต้อยติ่ง,หนองจอก,กรุงเทพมหานคร,บ่ออุปโภค-บริโภค,ใช้ได้-น้ำจืด,167.0,164.0,2.0,80.0,100.0
42,'BKK14',702315.0,1522414.0,47.0,13.763841026860002,100.87125455886999,??,วัดใหม่กระทุ่มล้ม,ลำต้อยติ่ง,หนองจอก,กรุงเทพมหานคร,บ่ออุปโภค-บริโภค,ใช้ได้-น้ำจืด,100.0,96.0,15.0,28.0,10.0
43,'PW22256',697720.0,1524691.0,47.0,13.784738442165999,100.82893000358,02,บ้านลำผักชี (บ่อ 1),ลำผักชี,หนองจอก,กรุงเทพมหานคร,บ่ออุปโภค-บริโภค,ใช้ได้-น้ำจืด,150.0,133.39,10.0,55.5,13.5
44,'PW24393',699573.0,1526731.0,47.0,13.803046625775002,100.84620913786999,02,บ้านลำผักชี (บ่อ 2),ลำผักชี,หนองจอก,กรุงเทพมหานคร,บ่ออุปโภค-บริโภค,ใช้ได้-น้ำจืด,132.6,123.19,15.0,49.0,7.0
45,'PW22257',697989.0,1524178.0,47.0,13.780083728473999,100.83138124681999,02,บ้านลำผักชี (บ่อ 1),ลำผักชี,หนองจอก,กรุงเทพมหานคร,บ่ออุปโภค-บริโภค,ใช้ได้-น้ำจืด,106.35,106.35,30.0,30.0,17.0
46,'PW24943',697972.0,1524755.0,47.0,13.785299498717999,100.83126469452,02,บ้านลำผักชี,ลำผักชี,หนองจอก,กรุงเทพมหานคร,บ่ออุปโภค-บริโภค,ใช้ได้-น้ำจืด,103.0,92.39,15.0,31.0,7.5
47,'PW23200',702778.0,1540795.0,47.0,13.929920460371001,100.87686812671998,03,บ้านนาหมอน,คลองสิบสอง,หนองจอก,กรุงเทพมหานคร,บ่ออุปโภค-บริโภค,ใช้ได้-น้ำจืด,230.0,218.84,35.0,16.0,14.0
48,'PW22640',699867.0,1532968.0,47.0,13.859391871686,100.84937307140999,03,โรงเรียนหนองจอกพิทยานุสรณ์,หนองจอก,หนองจอก,กรุงเทพมหานคร,บ่ออุปโภค-บริโภค,ใช้ได้-น้ำจืด,183.0,174.58,6.0,42.0,23.0
49,'PW24946',695671.0,1532046.0,47.0,13.851349534287,100.81049673843,12,โรงเรียนสอนศาสนา,โคกแฝด,หนองจอก,กรุงเทพมหานคร,บ่ออุปโภค-บริโภค,ใช้ได้-น้ำจืด,106.6,101.31,8.0,46.0,12.0
50,'BKK22',694902.0,1531933.0,47.0,13.850380784042999,100.80337599152,14,วัดทรัพย์สโมสรนิกรเกษม,โคกแฝด,หนองจอก,กรุงเทพมหานคร,บ่ออุปโภค-บริโภค,ใช้ได้-น้ำจืด,204.0,204.0,10.0,20.0,40.0
51,'BKK24',694903.0,1531934.0,47.0,13.850389753450001,100.80338531071999,14,วัดทรัพย์สโมสรนิกรเกษม,โคกแฝด,หนองจอก,กรุงเทพมหานคร,บ่ออุปโภค-บริโภค,ใช้ได้-น้ำจืด,120.0,120.0,5.0,20.0,40.0
1,'5408A016',706564.0,1510237.0,47.0,13.653494884372,100.90964958069999,,โรงเรียนคลองกระแชงเตย หมู่ 5,คลองสวน,บางบ่อ,สมุทรปราการ,บ่ออุปโภค-บริโภค,ใช้ได้-น้ำจืด,105.0,102.0,10.0,21.5,
2,'5408A018',,,,0.0,-187.48874389717,,โรงประปา บ้านคลองกระแชงเตย หมู่ 3,คลองสวน,บางบ่อ,สมุทรปราการ,บ่ออุปโภค-บริโภค,ใช้ได้-น้ำจืด,95.0,90.0,10.0,27.9,
3,'5408A015',703081.0,1510249.0,47.0,13.653848980786,100.87746302830999,,บ้านคอลาด หมู่ 10,บางบ่อ,บางบ่อ,สมุทรปราการ,บ่ออุปโภค-บริโภค,ใช้ได้-น้ำจืด,112.0,109.0,20.0,20.5,
4,'5508A002',710925.0,1510914.0,47.0,13.659299417684,100.9500002285,01,โรงเรียนตลาดกระสวน,คลองสวน,บางบ่อ,สมุทรปราการ,บ่ออุปโภค-บริโภค,ใช้ได้-น้ำจืด,112.0,108.5,9.0,,
5,'5908D03',706762.0,1503551.0,47.0,13.593058506222,100.91099376893,01,คลองฉะบัง,คลองนิยมยาตรา,บางบ่อ,สมุทรปราการ,บ่ออุปโภค-บริโภค,ใช้ได้-น้ำจืด,80.0,78.0,10.0,12.0,
6,'5408A009',704912.0,1513333.0,47.0,13.681591062782,100.89460668004,04,วัดเปร็งราษฎร์บำรุง,เปร็ง,บางบ่อ,สมุทรปราการ,บ่ออุปโภค-บริโภค,ใช้ได้-น้ำจืด,100.0,98.0,15.0,22.0,
7,'5408A010',707628.0,1510454.0,47.0,13.655380055225,100.91949805045999,05,โรงประปา,คลองสวน,บางบ่อ,สมุทรปราการ,บ่ออุปโภค-บริโภค,ใช้ได้-น้ำจืด,109.0,106.0,15.0,30.5,
8,'5408A011',708250.0,1510671.0,47.0,13.657296551022998,100.92526199275999,06,โรงพยาบาลส่งเสริมสุขภาพตำบล,คลองสวน,บางบ่อ,สมุทรปราการ,บ่ออุปโภค-บริโภค,ใช้ได้-น้ำจืด,109.0,106.0,12.0,25.0,
9,'5408A013',706127.0,1504363.0,47.0,13.60044163392,100.90518575764999,07,บ้านเกาะแก้ว,บางพลีน้อย,บางบ่อ,สมุทรปราการ,บ่ออุปโภค-บริโภค,ใช้ได้-น้ำจืด,121.0,120.0,10.0,20.0,
10,'PW24391',697840.0,1510367.0,47.0,13.65527719202,100.82903644756,12,วัดบัวโรย,บางเสาธง,บางเสาธง,สมุทรปราการ,บ่ออุปโภค-บริโภค,ใช้ได้-น้ำจืด,152.0,111.45,10.0,43.5,10.5
11,'PW3178',673966.0,1502449.0,47.0,13.585238064819,100.60790262325001,??,โรงเรียนอินทรัมพรรย์อนุสรณ์ ( 3692/192-25 ),เทศบาลนครสมุทรปราการ,เมืองสมุทรปราการ,สมุทรปราการ,บ่ออุปโภค-บริโภค,ใช้ได้-น้ำจืด,97.5,97.5,25.0,36.0,
12,'PW20972',677028.0,1502116.0,47.0,13.582044147778001,100.63617480785,01,บ้านแพรกษา,แพรกษา,เมืองสมุทรปราการ,สมุทรปราการ,บ่ออุปโภค-บริโภค,ใช้ได้-น้ำจืด,126.0,122.65,32.0,39.0,16.0
13,'PW2665',677273.0,1502284.0,47.0,13.583547751886,100.63844898455,01,บ้านคลองขวาง ( 3080/30-24 ),แพรกษา,เมืองสมุทรปราการ,สมุทรปราการ,บ่ออุปโภค-บริโภค,ใช้ได้-น้ำจืด,91.0,91.0,45.0,27.35,
14,'PW2655',673719.0,1505079.0,47.0,13.609024405592,100.6057804867,02,โรงเรียนคลองมหาวงค์ ( 3067/17-24 ),บางเมือง,เมืองสมุทรปราการ,สมุทรปราการ,บ่ออุปโภค-บริโภค,ใช้ได้-น้ำจืด,102.0,102.0,24.0,37.4,8.8
15,'DH47',677886.0,1495339.0,47.0,13.52073806125,100.64368150586,02,โรงเรียนวัดศรีจันทร์ประดิษฐ์,บางปูใหม่,เมืองสมุทรปราการ,สมุทรปราการ,บ่ออุปโภค-บริโภค,ใช้ได้-น้ำจืด,93.0,93.0,22.73,21.0,9.0
16,'DH114',677981.0,1501523.0,47.0,13.576626393065,100.64494337027,02,บ้านคลองเล้าหมู,แพรกษา,เมืองสมุทรปราการ,สมุทรปราการ,บ่ออุปโภค-บริโภค,ใช้ได้-น้ำจืด,144.0,132.0,18.18,36.0,18.0
17,'PW2196',677632.0,1501478.0,47.0,13.57624090526,100.64171596828001,02,บ้านแพรกษา ( 2537/P 779-993 ),แพรกษา,เมืองสมุทรปราการ,สมุทรปราการ,บ่ออุปโภค-บริโภค,ใช้ได้-น้ำจืด,96.0,96.0,14.0,26.0,12.0
18,'DH72',677162.0,1501087.0,47.0,13.572735388573001,100.63734913831,03,บ้านแพรกษา,ตำบลแพรกษา,เมืองสมุทรปราการ,สมุทรปราการ,บ่ออุปโภค-บริโภค,ใช้ได้-น้ำจืด,147.0,135.0,34.09,36.0,1.5
19,'PW3578',677907.0,1500010.0,47.0,13.562955667232,100.64416549521,04,บ้านแพรกษา ( 4169/669-25 ),แพรกษา,เมืองสมุทรปราการ,สมุทรปราการ,บ่ออุปโภค-บริโภค,ใช้ได้-น้ำจืด,130.0,130.0,20.0,0.0,
20,'PW3306',677571.0,1500565.0,47.0,13.567992462307,100.64109563978,04,บ้านแพรกษา ( 3838/338-25 ),แพรกษา,เมืองสมุทรปราการ,สมุทรปราการ,บ่ออุปโภค-บริโภค,ใช้ได้-น้ำจืด,107.0,107.0,50.0,21.0,13.0
21,'PW6003',677944.0,1502615.0,47.0,13.586498666025,100.64466953684,05,โรงเรียนคลองใหม่,แพรกษา,เมืองสมุทรปราการ,สมุทรปราการ,บ่ออุปโภค-บริโภค,ใช้ได้-น้ำจืด,121.0,121.0,24.0,32.5,11.0
22,'PW20973',678318.0,1502962.0,47.0,13.589612185975001,100.64814694189,05,บ้านแพรกษา,แพรกษา,เมืองสมุทรปราการ,สมุทรปราการ,บ่ออุปโภค-บริโภค,ใช้ได้-น้ำจืด,135.0,131.93,35.0,39.0,21.0
23,'PW2556',678406.0,1501679.0,47.0,13.578010466157,100.64887991402,06,บ้านแพรกษา ( 2952/252-23 ),แพรกษา,เมืองสมุทรปราการ,สมุทรปราการ,บ่ออุปโภค-บริโภค,ใช้ได้-น้ำจืด,92.0,92.0,45.0,27.5,4.5
24,'PW18641',678945.0,1501742.0,47.0,13.578546913847001,100.65386398796,06,โรงเรียนนาศรีอนุสรณ์,แพรกษา,เมืองสมุทรปราการ,สมุทรปราการ,บ่ออุปโภค-บริโภค,ใช้ได้-น้ำจืด,131.0,127.78,3.0,36.0,6.0
25,'PW2656',678408.0,1501669.0,47.0,13.57791995937,100.64889776875,06,บ้านแพกษา ( 3068/18-24 ),แพรกษา,เมืองสมุทรปราการ,สมุทรปราการ,บ่ออุปโภค-บริโภค,ใช้ได้-น้ำจืด,92.0,92.0,40.0,26.15,20.0
26,'PW2172',678940.0,1501595.0,47.0,13.577218569611,100.65380858370001,06,บ้านแพรกษา,แพรกษา,เมืองสมุทรปราการ,สมุทรปราการ,บ่ออุปโภค-บริโภค,ใช้ได้-น้ำจืด,96.0,,25.0,40.0,
27,'PW5977',674461.0,1507556.0,47.0,13.631368672416999,100.61278904886998,06,ศูนย์เอนกประสงค์,บางเมือง,เมืองสมุทรปราการ,สมุทรปราการ,บ่ออุปโภค-บริโภค,ใช้ได้-น้ำจืด,101.0,,24.0,34.0,0.5
28,'PW5978',678118.0,1501754.0,47.0,13.578705929705,100.64622358823,07,บ้านแพรกษา,แพรกษา,เมืองสมุทรปราการ,สมุทรปราการ,บ่ออุปโภค-บริโภค,ใช้ได้-น้ำจืด,101.0,,40.0,24.0,10.0
29,'PW20971',677541.0,1501426.0,47.0,13.575776435652001,100.64087193857999,07,บ้านคลอง,แพรกษา,เมืองสมุทรปราการ,สมุทรปราการ,บ่ออุปโภค-บริโภค,ใช้ได้-น้ำจืด,128.5,125.37,8.0,39.0,14.0
30,'PW20974',678276.0,1501747.0,47.0,13.578633019953001,100.64768301104,07,บ้านคลองเก้า,แพรกษา,เมืองสมุทรปราการ,สมุทรปราการ,บ่ออุปโภค-บริโภค,ใช้ได้-น้ำจืด,120.0,116.43,29.0,33.0,23.0
31,'PW18844',672017.0,1505460.0,47.0,13.612569129546001,100.59007527002,08,โรงเรียนนายเรือ (บ่อ1),บางเมือง,เมืองสมุทรปราการ,สมุทรปราการ,บ่ออุปโภค-บริโภค,ใช้ได้-น้ำจืด,103.0,98.04,5.0,34.5,0.2
32,'PW18845',672068.0,1505465.0,47.0,13.612611310888,100.59054687268,08,โรงเรียนนายเรือ (บ่อ 2),บางเมือง,เมืองสมุทรปราการ,สมุทรปราการ,บ่ออุปโภค-บริโภค,ใช้ได้-น้ำจืด,103.0,98.48,5.0,33.0,2.0
33,'G1271',673620.0,1503174.0,47.0,13.591811688715,100.60474965711,09,วัดไชยมงคล,บางเมือง,เมืองสมุทรปราการ,สมุทรปราการ,บ่ออุปโภค-บริโภค,ใช้ได้-น้ำจืด,333.0,330.0,5.0,28.54,42.31
1,'PW4628',641245.0,1553098.0,47.0,14.044856233104,100.3080889563,01,หมู่บ้านนิคม กพ.,ราษฎร์นิยม,ไทรน้อย,นนทบุรี,บ่ออุปโภค-บริโภค,ใช้ได้-น้ำจืด,160.0,,90.0,12.0,3.0
2,'DCD10130',644315.0,1535880.0,47.0,13.889059125392,100.33561805783,01,นราภิรมย์,หนองเพรางาย,ไทรน้อย,นนทบุรี,บ่ออุปโภค-บริโภค,ใช้ได้-น้ำจืด,224.0,,6.0,24.0,90.0
3,'5502C003',644318.0,1535869.0,47.0,13.888959538764,100.33564524747,01,โรงเรียนบ้านหนองเพรางาย (บ้านใหม่),หนองเพรางาย,ไทรน้อย,นนทบุรี,บ่ออุปโภค-บริโภค,ใช้ได้-น้ำจืด,300.0,300.0,20.0,24.0,5.0
4,'DR6',640499.0,1553351.0,47.0,14.047180508135,100.30119433228,01,สถานีอนามัยปากคลองแม่อมแช่ม,ไทรใหญ่,ไทรน้อย,นนทบุรี,บ่ออุปโภค-บริโภค,ใช้ได้-น้ำจืด,306.0,303.0,22.0,31.0,14.0
5,'PW16441',640530.0,1557518.0,47.0,14.084846669246,100.30169446103001,02,วัดปลายคลองขุนศรี,ไทรใหญ่,ไทรน้อย,นนทบุรี,บ่ออุปโภค-บริโภค,ใช้ได้-น้ำจืด,140.0,133.59,25.0,15.0,20.0
6,'PW20883',638293.0,1550430.0,47.0,14.020884842732,100.280621076,02,มัสยิดอัลซูดา (รร.บ.โต๊ะนุ้ย),ขุนศรี,ไทรน้อย,นนทบุรี,บ่ออุปโภค-บริโภค,ใช้ได้-น้ำจืด,205.0,195.1,30.0,21.5,10.0
7,'DCD10128',643368.0,1559812.0,47.0,14.105439777808002,100.32809713148,02,ราษฎร์นิย,ราษฎร์นิยม,ไทรน้อย,นนทบุรี,บ่ออุปโภค-บริโภค,ใช้ได้-น้ำจืด,177.0,,9.0,24.0,70.0
8,'PW19198',642498.0,1555568.0,47.0,14.067120673887,100.31981895519002,02,โรงเรียนบ้านราษฎร์นิยม,ราษฎร์นิยม,ไทรน้อย,นนทบุรี,บ่ออุปโภค-บริโภค,ใช้ได้-น้ำจืด,252.0,245.92,25.0,19.0,31.0
9,'DCD10129',642190.0,1537891.0,47.0,13.907344471947,100.31605782595,02,คลองปะรำ,หนองเพรางาย,ไทรน้อย,นนทบุรี,บ่ออุปโภค-บริโภค,ใช้ได้-น้ำจืด,188.0,,6.0,24.0,70.0
10,'PW17104',638163.0,1541169.0,47.0,13.937174815644,100.27895503791001,02,วัดคลองเจ้า,ทวีวัฒนา,ไทรน้อย,นนทบุรี,บ่ออุปโภค-บริโภค,ใช้ได้-น้ำจืด,210.0,200.42,25.0,20.0,10.0
11,'DCD10124',643575.0,1550468.0,47.0,14.020964804381,100.32952626482,03,คลองขวาง,คลองขวาง,ไทรน้อย,นนทบุรี,บ่ออุปโภค-บริโภค,ใช้ได้-น้ำจืด,212.0,,6.0,24.0,24.0
12,'DCD10122',639585.0,1551821.0,47.0,14.033395357927999,100.29265354215,04,คลองหม่อม,ขุนศรี,ไทรน้อย,นนทบุรี,บ่ออุปโภค-บริโภค,ใช้ได้-น้ำจืด,225.0,,5.0,18.0,70.0
13,'NTB4',644895.0,1560216.0,47.0,14.109013269386,100.34226120441,04,บ้านลากฆ้อน,ราษฎร์นิยม,ไทรน้อย,นนทบุรี,บ่ออุปโภค-บริโภค,ใช้ได้-น้ำจืด,276.0,276.0,20.0,0.0,0.0
14,'DCD10120',637172.0,1552877.0,47.0,14.043059559061,100.27036402291999,04,คลองขุนศร,ขุนศรี,ไทรน้อย,นนทบุรี,บ่ออุปโภค-บริโภค,ใช้ได้-น้ำจืด,207.0,,5.0,18.0,70.0
15,'PW10014',643737.0,1555170.0,47.0,14.06345999403,100.33127158958,04,วัดราษฎร์นิยม,ราษฎร์นิยม,ไทรน้อย,นนทบุรี,บ่ออุปโภค-บริโภค,ใช้ได้-น้ำจืด,200.0,,30.0,14.0,17.0
16,'DCD10121',639367.0,1547625.0,47.0,13.995475953497,100.29042314393,05,คลองพระพิ,ขุนศรี,ไทรน้อย,นนทบุรี,บ่ออุปโภค-บริโภค,ใช้ได้-น้ำจืด,224.0,,5.0,25.0,90.0
17,'PW13086',637678.0,1548408.0,47.0,14.002636689889,100.27482618623002,05,วัดยอดพระพิมล (บ่อ 2),ขุนศรี,ไทรน้อย,นนทบุรี,บ่ออุปโภค-บริโภค,ใช้ได้-น้ำจืด,244.55,240.76,30.0,16.0,10.0
18,'PW14006',643414.0,1538694.0,47.0,13.914541869007001,100.32742596453001,06,วัดเพรางาย,หนองเพรางาย,ไทรน้อย,นนทบุรี,บ่ออุปโภค-บริโภค,ใช้ได้-น้ำจืด,237.24,237.24,25.0,20.0,10.0
19,'PW12572',643659.0,1550777.0,47.0,14.023753724734002,100.33032006623002,06,วัดคลองขวาง,คลองขวาง,ไทรน้อย,นนทบุรี,บ่ออุปโภค-บริโภค,ใช้ได้-น้ำจืด,214.0,209.4,30.0,16.0,10.0
20,'PW14288',643718.0,1541870.0,47.0,13.943236063301,100.33040353001999,06,วัดมะสงฆ์,ทวีวัฒนา,ไทรน้อย,นนทบุรี,บ่ออุปโภค-บริโภค,ใช้ได้-น้ำจืด,238.0,235.17,25.0,20.0,10.0
21,'TE174',640139.0,1544652.0,47.0,13.968563090206,100.29741932121,07,บ้านคลองห้าร้อย,ขุนศรี,ไทรน้อย,นนทบุรี,บ่ออุปโภค-บริโภค,ใช้ได้-น้ำจืด,252.0,246.0,22.0,25.0,29.0
22,'PW19199',638546.0,1559795.0,47.0,14.105528244773,100.283435515,07,โรงเรียนดีมากอุปถัมภ์,ไทรใหญ่,ไทรน้อย,นนทบุรี,บ่ออุปโภค-บริโภค,ใช้ได้-น้ำจืด,252.0,247.12,23.0,18.0,8.0
23,'PW19202',644196.0,1552560.0,47.0,14.039843657644,100.33538517258002,07,บ้านคลองขุนศรี,ราษฎร์นิยม,ไทรน้อย,นนทบุรี,บ่ออุปโภค-บริโภค,ใช้ได้-น้ำจืด,220.0,213.15,30.0,24.0,10.0
24,'TE176',645491.0,1548255.0,47.0,14.00086257533,100.34714860544001,08,บ้านไทรน้อยพัฒนา,ไทรน้อย,ไทรน้อย,นนทบุรี,บ่ออุปโภค-บริโภค,ใช้ได้-น้ำจืด,261.0,255.0,22.0,25.0,29.0
25,'PW13471',639531.0,1537431.0,47.0,13.903317702776,100.29142852354,08,วัดเสนีย์วงศ์,หนองเพรางาย,ไทรน้อย,นนทบุรี,บ่ออุปโภค-บริโภค,ใช้ได้-น้ำจืด,232.57,226.06,30.0,16.0,10.0
26,'PW12627',637372.0,1555799.0,47.0,14.069463645745001,100.27236187017,08,วัดสโมสร,ไทรใหญ่,ไทรน้อย,นนทบุรี,บ่ออุปโภค-บริโภค,ใช้ได้-น้ำจืด,211.5,206.96,35.0,15.0,15.0
27,'5402B051',639701.0,1552613.0,47.0,14.040548962074,100.29376775714,09,โรงเรียนว้ดสโมสร,ไทรใหญ่,ไทรน้อย,นนทบุรี,บ่ออุปโภค-บริโภค,ใช้ได้-น้ำจืด,238.0,238.0,40.0,17.0,3.0
28,'DCD10126',637845.0,1552804.0,47.0,14.042366849242999,100.27659199473,09,คลองหม่อม,ไทรใหญ่,ไทรน้อย,นนทบุรี,บ่ออุปโภค-บริโภค,ใช้ได้-น้ำจืด,230.0,,5.0,18.0,90.0
29,'PW17711',642736.0,1534449.0,47.0,13.876202918553,100.32093411305,10,วัดใหม่อ่วมอ่อง,หนองเพรางาย,ไทรน้อย,นนทบุรี,บ่ออุปโภค-บริโภค,ใช้ได้-น้ำจืด,270.0,255.07,20.0,30.0,10.0
30,'PW19447',637440.0,1538923.0,47.0,13.916906627596,100.27215239892999,11,วัดแพรก,หนองเพรางาย,ไทรน้อย,นนทบุรี,บ่ออุปโภค-บริโภค,ใช้ได้-น้ำจืด,263.0,254.72,20.0,31.5,10.5
31,'PW5839',657691.0,1528198.0,47.0,13.818912873039,100.45895061153999,02,วัดบางไทรใน,บางขนุน,บางกรวย,นนทบุรี,บ่ออุปโภค-บริโภค,ใช้ได้-น้ำจืด,210.0,,36.0,25.5,9.5
32,'PW5838',656840.0,1528503.0,47.0,13.821716479087,100.45109606076001,02,วัดซองพลู,บางขุนกอง,บางกรวย,นนทบุรี,บ่ออุปโภค-บริโภค,ใช้ได้-น้ำจืด,242.0,,45.0,25.5,9.5
33,'PW24396',655769.0,1529089.0,47.0,13.827071822446001,100.44122190015999,03,โรงเรียนวัดบางไกรนอก,บางขุนกอง,บางกรวย,นนทบุรี,บ่ออุปโภค-บริโภค,ใช้ได้-น้ำจืด,220.0,201.58,30.0,33.0,10.0
34,'PW8213',657368.0,1529027.0,47.0,13.826424042626,100.45600947956999,03,วัดจำปา ( 10352/917-30 ),บางขุนกอง,บางกรวย,นนทบุรี,บ่ออุปโภค-บริโภค,ใช้ได้-น้ำจืด,222.0,211.9,40.0,24.0,10.0
35,'PW11636',650792.0,1527307.0,47.0,13.811229880797,100.39508713596001,03,วัดแพรก,ปลายบาง,บางกรวย,นนทบุรี,บ่ออุปโภค-บริโภค,ใช้ได้-น้ำจืด,138.0,,15.0,24.0,15.0
36,'PW24190',655557.0,1528238.0,47.0,13.819390993608,100.43921359678001,04,วัดบางไกรใน,บางขุนกอง,บางกรวย,นนทบุรี,บ่ออุปโภค-บริโภค,ใช้ได้-น้ำจืด,240.0,229.77,35.0,35.0,10.0
37,'PW11618',655294.0,1529122.0,47.0,13.827395893667,100.43682986732,05,วัดอุทยาน ( 14650/1513-32 ),บางขุนกอง,บางกรวย,นนทบุรี,บ่ออุปโภค-บริโภค,ใช้ได้-น้ำจืด,230.0,,20.0,24.0,12.0
38,'PW4982',658432.0,1528129.0,47.0,13.818248334213,100.46580082588001,05,วัดแก้วฟ้า,บางขนุน,บางกรวย,นนทบุรี,บ่ออุปโภค-บริโภค,ใช้ได้-น้ำจืด,212.0,,60.0,24.1,0.3
39,'PW8209',651475.0,1528636.0,47.0,13.823207181479,100.40147655851999,05,วัดสุนทรธรรมิการาม ( 10348/913-30 ),ปลายบาง,บางกรวย,นนทบุรี,บ่ออุปโภค-บริโภค,ใช้ได้-น้ำจืด,240.0,240.0,35.0,21.0,10.0
40,'PW5341',652525.0,1529171.0,47.0,13.827987528781,100.41121841828001,05,วัดบางค้อ,บางคูเวียง,บางกรวย,นนทบุรี,บ่ออุปโภค-บริโภค,ใช้ได้-น้ำจืด,240.0,,40.0,23.7,9.8
41,'PW14637',654551.0,1529157.0,47.0,13.827752431607001,100.42995884578,06,วัดโพธิ์เอน,บางขุนกอง,บางกรวย,นนทบุรี,บ่ออุปโภค-บริโภค,ใช้ได้-น้ำจืด,241.0,231.34,25.0,24.5,10.5
42,'5502C006',646497.0,1546104.0,47.0,13.981366951845,100.35634765184,07,บ้านคลองตาคล้าย,บางบัวทอง,บางบัวทอง,นนทบุรี,บ่ออุปโภค-บริโภค,ใช้ได้-น้ำจืด,290.0,290.0,20.0,22.0,5.0
43,'PW17293',650270.0,1543916.0,47.0,13.961391431717999,100.39115413985,08,มัสยิดสุเหร่าเขียว,ละหาร,บางบัวทอง,นนทบุรี,บ่ออุปโภค-บริโภค,ใช้ได้-น้ำจืด,270.0,263.6,20.0,25.0,10.0
44,'PW6020',654212.0,1533222.0,47.0,13.864515098558,100.42704716869,09,วัดมะเดื่อย,บางรักใหญ่,บางบัวทอง,นนทบุรี,บ่ออุปโภค-บริโภค,ใช้ได้-น้ำจืด,270.0,,45.0,23.0,12.0
45,'5502C007',648397.0,1543079.0,47.0,13.953924088264001,100.37377321909,11,สุเหร่านุรุสซาลาดะห์,บางบัวทอง,บางบัวทอง,นนทบุรี,บ่ออุปโภค-บริโภค,ใช้ได้-น้ำจืด,320.0,320.0,20.0,29.0,27.0
46,'PW8453',647331.0,1530598.0,47.0,13.841158595644,100.36324651297,01,ศาลเจ้าตลาดบางคูลัด ( 10604/1169-30 ),ตำบลบางใหญ่,บางใหญ่,นนทบุรี,บ่ออุปโภค-บริโภค,ใช้ได้-น้ำจืด,187.0,184.8,40.0,20.0,18.0
47,'PW4076',649219.0,1531080.0,47.0,13.845417799414001,100.38073822678001,01,วัดอเนกดิตการาม,ตำบลบางใหญ่,บางใหญ่,นนทบุรี,บ่ออุปโภค-บริโภค,ใช้ได้-น้ำจืด,214.0,,80.0,23.5,1.5
48,'DR60',643319.0,1530644.0,47.0,13.841778080035,100.32613317744,04,บ้านต้นเชือก,ตำบลบางใหญ่,บางใหญ่,นนทบุรี,บ่ออุปโภค-บริโภค,ใช้ได้-น้ำจืด,339.0,339.0,20.0,33.0,6.0
49,'DR80',642044.0,1529880.0,47.0,13.834935338545,100.31429900465,05,สถานีอนามัยบ้านคลองโยง,ตำบลบางใหญ่,บางใหญ่,นนทบุรี,บ่ออุปโภค-บริโภค,ใช้ได้-น้ำจืด,213.0,213.0,20.0,30.0,2.0
50,'G1255',651192.0,1530396.0,47.0,13.839131349835,100.39895378793001,05,วัดไผ่หลวงสัจจาธรรมา,บางม่วง,บางใหญ่,นนทบุรี,บ่ออุปโภค-บริโภค,ใช้ได้-น้ำจืด,270.0,270.0,22.73,28.5,5.4
51,'งฒ8502',769346.0,1412707.0,47.0,12.767273027994001,101.48079766429001,05,บ้านนายฟยอม,บางแม่นาง,บางใหญ่,นนทบุรี,บ่ออุปโภค-บริโภค,ใช้ได้-น้ำจืด,,300.0,,,
52,'PW11825',646810.0,1529359.0,47.0,13.829985437481,100.35836169213002,06,โรงเรียนปรีชาธรรมชูทิศ ( 14967/1831-32 ),บางม่วง,บางใหญ่,นนทบุรี,บ่ออุปโภค-บริโภค,ใช้ได้-น้ำจืด,210.0,,35.0,9.0,0.18
53,'5502C010',643710.0,1534526.0,47.0,13.876850108536999,100.32995013653999,08,บ้านดอนตะลุมพุก,บ้านใหม่,บางใหญ่,นนทบุรี,บ่ออุปโภค-บริโภค,ใช้ได้-น้ำจืด,296.0,296.0,20.0,26.0,5.0
54,'DR4',643976.0,1533929.0,47.0,13.871440093174,100.33238052884,08,สถานีอนามัยดอนตะลุมพุก,บ้านใหม่,บางใหญ่,นนทบุรี,บ่ออุปโภค-บริโภค,ใช้ได้-น้ำจืด,264.0,261.0,22.0,30.0,9.0
55,'PW8357',644644.0,1530385.0,47.0,13.839370192407,100.33837767365,09,วัดต้นเชือก ( 10501/1066-30 ),ตำบลบางใหญ่,บางใหญ่,นนทบุรี,บ่ออุปโภค-บริโภค,ใช้ได้-น้ำจืด,183.0,178.5,40.0,20.0,15.0
56,'งฒ8503',769418.0,1412703.0,47.0,12.767230662095,101.48146002668001,10,บ้านกำนัน,บางแม่นาง,บางใหญ่,นนทบุรี,บ่ออุปโภค-บริโภค,ใช้ได้-น้ำจืด,,300.0,,,
57,'งฒ8504',769468.0,1412979.0,47.0,12.769719790629,101.48194458180001,10,บ้านนายทวี,บางแม่นาง,บางใหญ่,นนทบุรี,บ่ออุปโภค-บริโภค,ใช้ได้-น้ำจืด,,300.0,,,
58,'PW19228',664234.0,1535816.0,47.0,13.887403433737,100.51991904338001,??,มัสยิดประเสริฐอิสลาม,บางตลาด,ปากเกร็ด,นนทบุรี,บ่ออุปโภค-บริโภค,ใช้ได้-น้ำจืด,250.0,239.95,30.0,35.0,10.0
59,'PW24398',662005.0,1537548.0,47.0,13.903186222958,100.49939632847,??,สถานสงเคราะห์เด็กปากเกร็ด,บางตลาด,ปากเกร็ด,นนทบุรี,บ่ออุปโภค-บริโภค,ใช้ได้-น้ำจืด,260.0,252.51,30.0,35.0,10.0
60,'DR3',662222.0,1537475.0,47.0,13.902514040604,100.50139997455,??,สถานสงเคราะห์เด็กอ่อน,บางตลาด,ปากเกร็ด,นนทบุรี,บ่ออุปโภค-บริโภค,ใช้ได้-น้ำจืด,240.0,237.0,10.0,37.0,23.0
61,'MWA62',663541.0,1541600.0,47.0,13.939723726603,100.51384727615,??,บริเวณโรงเรียนนวมินทราชินูทิศ (หอวัง),บ้านใหม่,ปากเกร็ด,นนทบุรี,บ่ออุปโภค-บริโภค,ใช้ได้-น้ำจืด,350.0,321.0,85.91,42.39,4.29
62,'PW17966',663471.0,1541584.0,47.0,13.939583133252,100.51319852636,??,โรงเรียนโพธิ์นิมิตรวิทยา,บางพูด,ปากเกร็ด,นนทบุรี,บ่ออุปโภค-บริโภค,ใช้ได้-น้ำจืด,250.0,239.67,20.0,33.0,10.0
63,'5502C005',659738.0,1540230.0,47.0,13.92755668177,100.47857371972,03,วัดสะพานสูง,คลองพระอุดม,ปากเกร็ด,นนทบุรี,บ่ออุปโภค-บริโภค,ใช้ได้-น้ำจืด,322.0,322.0,20.0,27.0,2.0
64,'5802A044',667667.0,1540478.0,47.0,13.929341953645999,100.55196279075001,03,สวนสมเด็จพระศรีนครรินทร์นนทบุรี,บ้านใหม่,ปากเกร็ด,นนทบุรี,บ่ออุปโภค-บริโภค,ใช้ได้-น้ำจืด,295.0,292.0,20.0,18.0,30.0
65,'PW24397',659800.0,1536966.0,47.0,13.898050048726999,100.4789599604,06,โรงเรียนท่าอิฐศึกษา,ท่าอิฐ,ปากเกร็ด,นนทบุรี,บ่ออุปโภค-บริโภค,ใช้ได้-น้ำจืด,260.0,243.79,30.0,30.0,10.0
66,'5502C011',,,47.0,0.0,94.511256102834,10,วัดศรีเขตนันทาราม,คลองข่อย,ปากเกร็ด,นนทบุรี,บ่ออุปโภค-บริโภค,ใช้ได้-น้ำจืด,290.0,290.0,20.0,27.0,3.0
67,'5502C012',650023.0,1546797.0,47.0,13.987446634789999,100.38902410882,11,โรงเรียนสามัคคีวิทยา,คลองข่อย,ปากเกร็ด,นนทบุรี,บ่ออุปโภค-บริโภค,ใช้ได้-น้ำจืด,300.0,300.0,20.0,25.0,5.0
68,'PW4719',660774.0,1530092.0,47.0,13.835861520627999,100.48757638357999,01,วัดอมฤต,บางไผ่,เมืองนนทบุรี,นนทบุรี,บ่ออุปโภค-บริโภค,ใช้ได้-น้ำจืด,176.0,,30.0,32.75,7.25
69,'PW17528',658369.0,1532489.0,47.0,13.857662141764,100.46546485409999,01,วัดบางนา,ไทรม้า,เมืองนนทบุรี,นนทบุรี,บ่ออุปโภค-บริโภค,ใช้ได้-น้ำจืด,230.0,206.37,25.0,30.0,10.0
70,'PW9023',661411.0,1529271.0,47.0,13.828404709772999,100.49342153232,04,วัดสังฆทาน,บางไผ่,เมืองนนทบุรี,นนทบุรี,บ่ออุปโภค-บริโภค,ใช้ได้-น้ำจืด,220.0,,40.0,27.0,34.0
71,'PW3372',659710.0,1530331.0,47.0,13.838081375668,100.47774759341,05,วัดป่าเรไร่,บางศรีเมือง,เมืองนนทบุรี,นนทบุรี,บ่ออุปโภค-บริโภค,ใช้ได้-น้ำจืด,188.0,,36.0,,
72,'PW5503',660454.0,1531331.0,47.0,13.847078767809,100.48468732581,05,วัดเฉลิมพระเกียรติวรวิหาร,บางศรีเมือง,เมืองนนทบุรี,นนทบุรี,บ่ออุปโภค-บริโภค,ใช้ได้-น้ำจืด,202.0,,9.0,30.0,12.0
